{"cameraMode":{"drawMode":0,"name":"Shaded","section":"Shading Mode"},"sceneLighting":false,"audioPlay":false,"sceneViewState":{"showFog":true,"showMaterialUpdate":false,"showSkybox":true,"showFlares":true,"showImageEffects":true,"showParticleSystems":true},"in2DMode":false,"pivot":{"x":650.6876831054688,"y":39.25062942504883,"z":213.0455780029297},"rotation":{"x":0.16304746270179749,"y":0.11982224136590958,"z":-0.019935933873057367,"w":0.9791674613952637},"size":1.855447769165039,"orthographic":false}